{"cameraMode":{"drawMode":0,"name":"Shaded","section":"Shading Mode"},"sceneLighting":true,"audioPlay":false,"sceneViewState":{"showFog":true,"showMaterialUpdate":false,"showSkybox":true,"showFlares":true,"showImageEffects":true,"showParticleSystems":true},"in2DMode":false,"pivot":{"x":-0.8910000324249268,"y":8.6899995803833,"z":-0.7950000762939453},"rotation":{"x":0.05063314363360405,"y":-0.11598455160856247,"z":0.0059203580021858219,"w":0.9919442534446716},"size":5.7157673835754398,"orthographic":false}